{
  "slope": 0.18434392535392538,
  "intercept": -362.80157181467183,
  "best_k": 12,
  "best_params": {
    "alpha": 0.06649435996665046
  },
  "r2": 0.8185,
  "culture": "barley",
  "unit": "ц/га",
  "prediction_2025": 11.15
}